<?xml version="1.0" encoding="UTF-8"?>
<GenRun Id="impl_1" LaunchPart="xc7a35tcpg236-1" LaunchTime="1746005180">
  <File Type="BITSTR-BMM" Name="tile_flipping_transition_bd.bmm"/>
  <File Type="OPT-METHODOLOGY-DRC" Name="tile_flipping_transition_methodology_drc_opted.rpt"/>
  <File Type="INIT-TIMING" Name="tile_flipping_transition_timing_summary_init.rpt"/>
  <File Type="ROUTE-PWR" Name="tile_flipping_transition_power_routed.rpt"/>
  <File Type="PA-TCL" Name="tile_flipping_transition.tcl"/>
  <File Type="OPT-TIMING" Name="tile_flipping_transition_timing_summary_opted.rpt"/>
  <File Type="OPT-DCP" Name="tile_flipping_transition_opt.dcp"/>
  <File Type="ROUTE-PWR-SUM" Name="tile_flipping_transition_power_summary_routed.pb"/>
  <File Type="REPORTS-TCL" Name="tile_flipping_transition_reports.tcl"/>
  <File Type="OPT-DRC" Name="tile_flipping_transition_drc_opted.rpt"/>
  <File Type="OPT-HWDEF" Name="tile_flipping_transition.hwdef"/>
  <File Type="PWROPT-DCP" Name="tile_flipping_transition_pwropt.dcp"/>
  <File Type="PWROPT-DRC" Name="tile_flipping_transition_drc_pwropted.rpt"/>
  <File Type="PWROPT-TIMING" Name="tile_flipping_transition_timing_summary_pwropted.rpt"/>
  <File Type="PLACE-DCP" Name="tile_flipping_transition_placed.dcp"/>
  <File Type="PLACE-IO" Name="tile_flipping_transition_io_placed.rpt"/>
  <File Type="PLACE-CLK" Name="tile_flipping_transition_clock_utilization_placed.rpt"/>
  <File Type="PLACE-UTIL" Name="tile_flipping_transition_utilization_placed.rpt"/>
  <File Type="PLACE-UTIL-PB" Name="tile_flipping_transition_utilization_placed.pb"/>
  <File Type="PLACE-CTRL" Name="tile_flipping_transition_control_sets_placed.rpt"/>
  <File Type="PLACE-SIMILARITY" Name="tile_flipping_transition_incremental_reuse_placed.rpt"/>
  <File Type="PLACE-PRE-SIMILARITY" Name="tile_flipping_transition_incremental_reuse_pre_placed.rpt"/>
  <File Type="PLACE-TIMING" Name="tile_flipping_transition_timing_summary_placed.rpt"/>
  <File Type="POSTPLACE-PWROPT-DCP" Name="tile_flipping_transition_postplace_pwropt.dcp"/>
  <File Type="BG-BIN" Name="tile_flipping_transition.bin"/>
  <File Type="POSTPLACE-PWROPT-TIMING" Name="tile_flipping_transition_timing_summary_postplace_pwropted.rpt"/>
  <File Type="PHYSOPT-DCP" Name="tile_flipping_transition_physopt.dcp"/>
  <File Type="PHYSOPT-DRC" Name="tile_flipping_transition_drc_physopted.rpt"/>
  <File Type="BITSTR-MSK" Name="tile_flipping_transition.msk"/>
  <File Type="PHYSOPT-TIMING" Name="tile_flipping_transition_timing_summary_physopted.rpt"/>
  <File Type="ROUTE-ERROR-DCP" Name="tile_flipping_transition_routed_error.dcp"/>
  <File Type="ROUTE-DCP" Name="tile_flipping_transition_routed.dcp"/>
  <File Type="ROUTE-BLACKBOX-DCP" Name="tile_flipping_transition_routed_bb.dcp"/>
  <File Type="ROUTE-DRC" Name="tile_flipping_transition_drc_routed.rpt"/>
  <File Type="ROUTE-DRC-PB" Name="tile_flipping_transition_drc_routed.pb"/>
  <File Type="ROUTE-DRC-RPX" Name="tile_flipping_transition_drc_routed.rpx"/>
  <File Type="BITSTR-MMI" Name="tile_flipping_transition.mmi"/>
  <File Type="ROUTE-METHODOLOGY-DRC" Name="tile_flipping_transition_methodology_drc_routed.rpt"/>
  <File Type="ROUTE-METHODOLOGY-DRC-RPX" Name="tile_flipping_transition_methodology_drc_routed.rpx"/>
  <File Type="ROUTE-METHODOLOGY-DRC-PB" Name="tile_flipping_transition_methodology_drc_routed.pb"/>
  <File Type="ROUTE-PWR-RPX" Name="tile_flipping_transition_power_routed.rpx"/>
  <File Type="ROUTE-STATUS" Name="tile_flipping_transition_route_status.rpt"/>
  <File Type="ROUTE-STATUS-PB" Name="tile_flipping_transition_route_status.pb"/>
  <File Type="ROUTE-TIMINGSUMMARY" Name="tile_flipping_transition_timing_summary_routed.rpt"/>
  <File Type="ROUTE-TIMING-PB" Name="tile_flipping_transition_timing_summary_routed.pb"/>
  <File Type="ROUTE-TIMING-RPX" Name="tile_flipping_transition_timing_summary_routed.rpx"/>
  <File Type="ROUTE-SIMILARITY" Name="tile_flipping_transition_incremental_reuse_routed.rpt"/>
  <File Type="ROUTE-CLK" Name="tile_flipping_transition_clock_utilization_routed.rpt"/>
  <File Type="ROUTE-BUS-SKEW" Name="tile_flipping_transition_bus_skew_routed.rpt"/>
  <File Type="ROUTE-BUS-SKEW-PB" Name="tile_flipping_transition_bus_skew_routed.pb"/>
  <File Type="ROUTE-BUS-SKEW-RPX" Name="tile_flipping_transition_bus_skew_routed.rpx"/>
  <File Type="POSTROUTE-PHYSOPT-DCP" Name="tile_flipping_transition_postroute_physopt.dcp"/>
  <File Type="POSTROUTE-PHYSOPT-BLACKBOX-DCP" Name="tile_flipping_transition_postroute_physopt_bb.dcp"/>
  <File Type="POSTROUTE-PHYSOPT-TIMING" Name="tile_flipping_transition_timing_summary_postroute_physopted.rpt"/>
  <File Type="POSTROUTE-PHYSOPT-TIMING-PB" Name="tile_flipping_transition_timing_summary_postroute_physopted.pb"/>
  <File Type="POSTROUTE-PHYSOPT-TIMING-RPX" Name="tile_flipping_transition_timing_summary_postroute_physopted.rpx"/>
  <File Type="POSTROUTE-PHYSOPT-BUS-SKEW" Name="tile_flipping_transition_bus_skew_postroute_physopted.rpt"/>
  <File Type="POSTROUTE-PHYSOPT-BUS-SKEW-PB" Name="tile_flipping_transition_bus_skew_postroute_physopted.pb"/>
  <File Type="BG-BIT" Name="tile_flipping_transition.bit"/>
  <File Type="POSTROUTE-PHYSOPT-BUS-SKEW-RPX" Name="tile_flipping_transition_bus_skew_postroute_physopted.rpx"/>
  <File Type="BITSTR-RBT" Name="tile_flipping_transition.rbt"/>
  <File Type="BITSTR-NKY" Name="tile_flipping_transition.nky"/>
  <File Type="PDI-FILE" Name="tile_flipping_transition.pdi"/>
  <File Type="RCFI_FILE" Name="tile_flipping_transition.rcfi"/>
  <File Type="CFI_FILE" Name="tile_flipping_transition.cfi"/>
  <File Type="RNPI_FILE" Name="tile_flipping_transition.rnpi"/>
  <File Type="NPI_FILE" Name="tile_flipping_transition.npi"/>
  <File Type="RBD_FILE" Name="tile_flipping_transition.rbd"/>
  <File Type="BITSTR-LTX" Name="debug_nets.ltx"/>
  <File Type="BITSTR-LTX" Name="tile_flipping_transition.ltx"/>
  <File Type="BITSTR-SYSDEF" Name="tile_flipping_transition.sysdef"/>
  <File Type="BG-BGN" Name="tile_flipping_transition.bgn"/>
  <File Type="BG-DRC" Name="tile_flipping_transition.drc"/>
  <File Type="RDI-RDI" Name="tile_flipping_transition.vdi"/>
  <File Type="WBT-USG" Name="usage_statistics_webtalk.html"/>
  <FileSet Name="sources" Type="DesignSrcs" RelSrcDir="$PSRCDIR/sources_1">
    <Filter Type="Srcs"/>
    <File Path="$PSRCDIR/sources_1/new/tile_flipping_transition.v">
      <FileInfo>
        <Attr Name="UsedIn" Val="synthesis"/>
        <Attr Name="UsedIn" Val="implementation"/>
        <Attr Name="UsedIn" Val="simulation"/>
      </FileInfo>
    </File>
    <File Path="$PSRCDIR/sources_1/new/clock_divider.v">
      <FileInfo>
        <Attr Name="AutoDisabled" Val="1"/>
        <Attr Name="UsedIn" Val="synthesis"/>
        <Attr Name="UsedIn" Val="implementation"/>
        <Attr Name="UsedIn" Val="simulation"/>
      </FileInfo>
    </File>
    <File Path="$PSRCDIR/sources_1/new/pixel_gen.v">
      <FileInfo>
        <Attr Name="AutoDisabled" Val="1"/>
        <Attr Name="UsedIn" Val="synthesis"/>
        <Attr Name="UsedIn" Val="implementation"/>
        <Attr Name="UsedIn" Val="simulation"/>
      </FileInfo>
    </File>
    <File Path="$PSRCDIR/sources_1/new/pixel_gen_red.v">
      <FileInfo>
        <Attr Name="AutoDisabled" Val="1"/>
        <Attr Name="UsedIn" Val="synthesis"/>
        <Attr Name="UsedIn" Val="implementation"/>
        <Attr Name="UsedIn" Val="simulation"/>
      </FileInfo>
    </File>
    <File Path="$PSRCDIR/sources_1/new/vga_sync.v">
      <FileInfo>
        <Attr Name="AutoDisabled" Val="1"/>
        <Attr Name="UsedIn" Val="synthesis"/>
        <Attr Name="UsedIn" Val="implementation"/>
        <Attr Name="UsedIn" Val="simulation"/>
      </FileInfo>
    </File>
    <File Path="$PSRCDIR/sources_1/new/top_dual.v">
      <FileInfo>
        <Attr Name="AutoDisabled" Val="1"/>
        <Attr Name="UsedIn" Val="synthesis"/>
        <Attr Name="UsedIn" Val="implementation"/>
        <Attr Name="UsedIn" Val="simulation"/>
      </FileInfo>
    </File>
    <File Path="$PSRCDIR/sources_1/new/testing_play.v">
      <FileInfo>
        <Attr Name="AutoDisabled" Val="1"/>
        <Attr Name="UsedIn" Val="synthesis"/>
        <Attr Name="UsedIn" Val="implementation"/>
        <Attr Name="UsedIn" Val="simulation"/>
      </FileInfo>
    </File>
    <File Path="$PSRCDIR/sources_1/new/lab12_FSM.v">
      <FileInfo>
        <Attr Name="AutoDisabled" Val="1"/>
        <Attr Name="UsedIn" Val="synthesis"/>
        <Attr Name="UsedIn" Val="implementation"/>
        <Attr Name="UsedIn" Val="simulation"/>
      </FileInfo>
    </File>
    <File Path="$PSRCDIR/sources_1/new/clock_implement_lab12.v">
      <FileInfo>
        <Attr Name="AutoDisabled" Val="1"/>
        <Attr Name="UsedIn" Val="synthesis"/>
        <Attr Name="UsedIn" Val="implementation"/>
        <Attr Name="UsedIn" Val="simulation"/>
      </FileInfo>
    </File>
    <File Path="$PSRCDIR/sources_1/new/top.v">
      <FileInfo>
        <Attr Name="AutoDisabled" Val="1"/>
        <Attr Name="UsedIn" Val="synthesis"/>
        <Attr Name="UsedIn" Val="implementation"/>
        <Attr Name="UsedIn" Val="simulation"/>
      </FileInfo>
    </File>
    <Config>
      <Option Name="DesignMode" Val="RTL"/>
      <Option Name="TopModule" Val="tile_flipping_transition"/>
    </Config>
  </FileSet>
  <FileSet Name="constrs_in" Type="Constrs" RelSrcDir="$PSRCDIR/constrs_1">
    <Filter Type="Constrs"/>
    <Config>
      <Option Name="ConstrsType" Val="XDC"/>
    </Config>
  </FileSet>
  <FileSet Name="utils" Type="Utils" RelSrcDir="$PSRCDIR/utils_1">
    <Filter Type="Utils"/>
    <Config>
      <Option Name="TopAutoSet" Val="TRUE"/>
    </Config>
  </FileSet>
  <Strategy Version="1" Minor="2">
    <StratHandle Name="Vivado Implementation Defaults" Flow="Vivado Implementation 2020"/>
    <Step Id="init_design"/>
    <Step Id="opt_design"/>
    <Step Id="power_opt_design"/>
    <Step Id="place_design"/>
    <Step Id="post_place_power_opt_design"/>
    <Step Id="phys_opt_design"/>
    <Step Id="route_design"/>
    <Step Id="post_route_phys_opt_design"/>
    <Step Id="write_bitstream"/>
  </Strategy>
</GenRun>
